"","Daylight.SMILES.Fragments","sigma","sigma.meta","sigma.para"
"1","*[H]",0,NA,NA
"2","F*",0.282857143,NA,NA
"3","Cl*",0.354,NA,NA
"4","Br*",0.474285714,NA,NA
"5","I*",0.376,NA,NA
"6","*N(=O)=O",1.036666667,NA,NA
"7","*C#N",0.613333333,NA,NA
"8","C*",-0.181111111,NA,NA
"9","CC*",-0.148,NA,NA
"10","CCC*",-0.055,NA,NA
"11","CCCC*",-0.075,NA,NA
"12","CCCCC*",-0.08,NA,NA
"13","CCCCCC*",-0.16,NA,NA
"14","CCCCCCC*",-0.13,NA,NA
"15","CCCCCCCC*",0,NA,NA
"16","CC(C)C*",-0.07,NA,NA
"17","CC(C)CC*",0,NA,NA
"18","CC(C)(C)CC*",0,NA,NA
"19","CC(C)CCC*",0,NA,NA
"20","CC(C)(C)C*",0.04,NA,NA
"21","*CC1=CC=CC=C1",-0.046666667,NA,NA
"22","*CC1CCCCC1",0.17,NA,NA
"23","*CCC1=CC=CC=C1",-0.07,NA,NA
"24","*C1=CC=CO1",0,NA,NA
"25","*C1=COC=C1",0.235,NA,NA
"26","*CC=C",-0.11,NA,NA
"27","*CCC=C",0,NA,NA
"28","*C#C",0.07,NA,NA
"29","OC*",0.1775,NA,NA
"30","NOC*",0,NA,NA
"31","COC*",-0.01,NA,NA
"32","CCOC*",0,NA,NA
"33","CC(=O)OC*",0.085,NA,NA
"34","COCC*",0,NA,NA
"35","CC(O)C*",-0.12,NA,NA
"36","FC*",0.115,NA,NA
"37","ClC*",0.096666667,NA,NA
"38","BrC*",0.14,NA,NA
"39","IC*",0.125,NA,NA
"40","ClCC*",0,NA,NA
"41","ClCCC*",0,NA,NA
"42","FCCC*",0,NA,NA
"43","BrCC*",0,NA,NA
"44","ICC*",0,NA,NA
"45","ClC(Cl)C*",0,NA,NA
"46","ClC(Cl)(Cl)C*",0.06,NA,NA
"47","FC(F)(F)C*",0.14,NA,NA
"48","*CC#N",0.19,NA,NA
"49","*CCC#N",0,NA,NA
"50","NC*",-0.03,NA,NA
"51","CN(C)C*",0,NA,NA
"52","CC(=O)NC*",0.005,NA,NA
"53","*CN(=O)=O",0,NA,NA
"54","CN(C)CC*",0,NA,NA
"55","*COC1=CC=CC=C1",0.05,NA,NA
"56","SC*",0.08,NA,NA
"57","CSC*",0,NA,NA
"58","*CSC#N",0.12,NA,NA
"59","FC(F)(F)SC*",0.12,NA,NA
"60","CS(=O)C*",0,NA,NA
"61","CS(=O)(=O)C*",0.18,NA,NA
"62","[H]C(=O)C*",0,NA,NA
"63","OC(=O)C*",0,NA,NA
"64","CC(=O)C*",0,NA,NA
"65","COC(=O)C*",0.13,NA,NA
"66","NC(=O)C*",0.045,NA,NA
"67","OC(=O)CC*",-0.03,NA,NA
"68","CC(=O)CC*",0,NA,NA
"69","CC(C)*",-0.063333333,NA,NA
"70","CCC(C)*",-0.08,NA,NA
"71","CCCC(C)*",0,NA,NA
"72","CCCCC(C)*",0,NA,NA
"73","CCCC(*)CC",0,NA,NA
"74","CCC(*)C(C)C",0,NA,NA
"75","CCCCC(*)CC",0,NA,NA
"76","CCC(*)CC(C)(C)C",0,NA,NA
"77","CCC(*)CC",0,NA,NA
"78","CCCC(*)CCC",0,NA,NA
"79","CC(C)C(*)C(C)C",0,NA,NA
"80","CC(C)C(*)C(C)(C)C",0,NA,NA
"81","CC(*)C(C)(C)C",0,NA,NA
"82","CC(*)CC(C)(C)C",0,NA,NA
"83","CCCCCCC(C)*",0,NA,NA
"84","CCCCC(*)CCCC",0,NA,NA
"85","CC(C)(C)C(*)C(C)(C)C",0,NA,NA
"86","CC(C)(C)CC(*)CC(C)(C)C",0,NA,NA
"87","CC(C)CC(*)CC(C)C",0,NA,NA
"88","CC(C)CC(*)CC(C)(C)C",0,NA,NA
"89","CC(*)C1=CC=CC=C1",-0.03,NA,NA
"90","CCC(*)C1=CC=CC=C1",0,NA,NA
"91","*C(C1=CC=CC=C1)C1=CC=CC=C1",-0.03,NA,NA
"92","CC(*)C=C",0,NA,NA
"93","CC(*)C#C",0,NA,NA
"94","*C(C#N)C#N",0.53,NA,NA
"95","FC(F)*",0.305,NA,NA
"96","ClC(Cl)*",0.275,NA,NA
"97","BrC(Br)*",0.31,NA,NA
"98","IC(I)*",0.26,NA,NA
"99","CC(Cl)*",0,NA,NA
"100","CC(Br)*",0,NA,NA
"101","CC(I)*",0,NA,NA
"102","FCC(F)*",0,NA,NA
"103","CC(O)*",0.04,NA,NA
"104","CCC(O)*",0,NA,NA
"105","CCCC(O)*",0,NA,NA
"106","CC(C)(C)C(O)*",0,NA,NA
"107","OC(*)C1=CC=CC=C1",0,NA,NA
"108","OCC(O)*",0,NA,NA
"109","OC(O)*",0,NA,NA
"110","OC(F)*",0,NA,NA
"111","COC(C)*",0,NA,NA
"112","CCC(*)OC",0,NA,NA
"113","COCC(*)OC",0,NA,NA
"114","*C1CC1",-0.07,NA,NA
"115","*C1CCC1",-0.09,NA,NA
"116","*C1CCCC1",-0.1,NA,NA
"117","*C1CCCCC1",-0.113333333,NA,NA
"118","*C1CCCCCC1",0,NA,NA
"119","CC(C)(C)*",-0.0825,NA,NA
"120","CCC(C)(C)*",-0.06,NA,NA
"121","CC(C)C(C)(C)*",0,NA,NA
"122","CC(C)(C)C(C)(C)*",0,NA,NA
"123","CC(C)(C)CC(C)(C)*",0,NA,NA
"124","CC(C)(C)CC(C)(*)C(C)(C)C",0,NA,NA
"125","CC(C)C(C)(*)C(C)C",0,NA,NA
"126","CC(C)C(C)(*)C(C)(C)C",0,NA,NA
"127","CCC(*)(C(C)C)C(C)(C)C",0,NA,NA
"128","CCC(*)(CC)C(C)C",0,NA,NA
"129","CCC(*)(CC)C(C)(C)C",0,NA,NA
"130","CCC(*)(C(C)C)C(C)C",0,NA,NA
"131","CCC(*)(CC)CC",-0.07,NA,NA
"132","CC(C)C(*)(C(C)C)C(C)C",0,NA,NA
"133","CC(*)(C1=CC=CC=C1)C1=CC=CC=C1",0,NA,NA
"134","CCC(*)(C1=CC=CC=C1)C1=CC=CC=C1",0,NA,NA
"135","*C(C1=CC=CC=C1)(C1=CC=CC=C1)C1=CC=CC=C1",-0.01,NA,NA
"136","CC(C)(O)*",0.47,NA,NA
"137","COC(C)(C)*",0,NA,NA
"138","CC(C)(Br)*",0,NA,NA
"139","CC(Br)(Br)*",0,NA,NA
"140","FC(F)(F)*",0.441818182,NA,NA
"141","ClC(Cl)(Cl)*",0.3825,NA,NA
"142","BrC(Br)(Br)*",0.28,NA,NA
"143","IC(I)(I)*",0,NA,NA
"144","FC(F)(Cl)*",0.42,NA,NA
"145","FC(F)(F)C(F)(F)*",0.496666667,NA,NA
"146","*C=C",0.05,NA,NA
"147","CC=C*",0,NA,NA
"148","CC=C*",0,NA,NA
"149","CCC=C*",-0.04,NA,NA
"150","CC(C)=C*",-0.06,NA,NA
"151","*\C=C\C=O",0.24,NA,NA
"152","OC(=O)\C=C\*",0.14,NA,NA
"153","CC(=O)\C=C\*",0.21,NA,NA
"154","CCOC(=O)\C=C\*",0,NA,NA
"155","ClC=C*",0,NA,NA
"156","ClC=C*",0,NA,NA
"157","ClC(Cl)=C*",0.11,NA,NA
"158","FC(F)=C*",0,NA,NA
"159","*\C=C/C#N",0.24,NA,NA
"160","*C=C(C#N)C#N",0.553333333,NA,NA
"161","*\C=C/N(=O)=O",0.3,NA,NA
"162","*\C=C/C1=CC=CC=C1",0.04,NA,NA
"163","CC(*)=C",0.09,NA,NA
"164","C\C=C(\C)*",0,NA,NA
"165","ClC(Cl)=C(Cl)*",0,NA,NA
"166","FC(F)=C(F)*",0,NA,NA
"167","*C(C#N)=C(C#N)C#N",0.8,NA,NA
"168","*C#C",0.25,NA,NA
"169","CC#C*",0.155,NA,NA
"170","*C#CC1=CC=CC=C1",0.186666667,NA,NA
"171","FC(F)(F)C#C*",0.41,NA,NA
"172","*C=O",0.37625,NA,NA
"173","OC(*)=O",0.326666667,NA,NA
"174","CCOC(*)=O",0.328333333,NA,NA
"175","CC(*)=O",0.34,NA,NA
"176","CC(C)C(*)=O",0.38,NA,NA
"177","*C(=O)C1=CC=CC=C1",0.3625,NA,NA
"178","FC(F)(F)C(*)=O",0.63,NA,NA
"179","NC(*)=O",0.295,NA,NA
"180","CNC(*)=O",0.35,NA,NA
"181","*C(=O)NC1=CC=CC=C1",0.26,NA,NA
"182","COC(*)=O",0.334285714,NA,NA
"183","CCOC(*)=O",0.328333333,NA,NA
"184","*C1=CC=CC=C1",0.082857143,NA,NA
"185","*C1=CC=C2C=CC=CC2=C1",0.06,NA,NA
"186","*C1=CC2=C(C=C1)C=C1C=CC=CC1=C2",0,NA,NA
"187","*C1=CC=C2C=C3C=C4C=CC=CC4=CC3=CC2=C1",0,NA,NA
"188","*C1=CC=CO1",0.066666667,NA,NA
"189","*C1=COC=C1",0,NA,NA
"190","N*",-0.086363636,NA,NA
"191","CN*",-0.233333333,NA,NA
"192","CCN*",-0.24,NA,NA
"193","CCCN*",0,NA,NA
"194","CCCCN*",-0.34,NA,NA
"195","*NC1=CC=CC=C1",-0.07,NA,NA
"196","*NC=O",0.193333333,NA,NA
"197","CC(=O)N*",0.121818182,NA,NA
"198","*NC(=O)C1=CC=CC=C1",0.141666667,NA,NA
"199","CCOC(=O)N*",0.08,NA,NA
"200","NC(=O)N*",0,NA,NA
"201","ON*",-0.04,NA,NA
"202","NN*",-0.02,NA,NA
"203","CN(C)*",-0.148888889,NA,NA
"204","CCN(*)CC",-0.19,NA,NA
"205","CN(*)C(C)=O",0.295,NA,NA
"206","O*",0.096,NA,NA
"207","CO*",0.112857143,NA,NA
"208","CCO*",-0.075,NA,NA
"209","CCCO*",0.095,NA,NA
"210","CCCCO*",0.04,NA,NA
"211","CCCCCO*",0.08,NA,NA
"212","CC(C)O*",0.075,NA,NA
"213","*OCC=C",0.09,NA,NA
"214","*OCC#C",0,NA,NA
"215","*OC1CCCCC1",0,NA,NA
"216","*OC1=CC=CC=C1",0.2475,NA,NA
"217","CC(=O)O*",0.316,NA,NA
"218","FC(F)(F)C(=O)O*",0,NA,NA
"219","*ON(=O)=O",0.55,NA,NA
"220","FC(F)(F)O*",0.365,NA,NA
"221","ClCO*",0.25,NA,NA
"222","FCO*",0.2,NA,NA
"223","ClC(Cl)O*",0.38,NA,NA
"224","FC(F)O*",0.31,NA,NA
"225","ClC(Cl)(Cl)O*",0.43,NA,NA
"226","*OC#N",0.67,NA,NA
"227","CS(=O)(=O)O*",0.42,NA,NA
"228","CP(C)*",0.08,NA,NA
"229","CCP(*)CC",0.093333333,NA,NA
"230","*P(C#N)C#N",0.82,NA,NA
"231","COP(*)OC",0,NA,NA
"232","CN(C)P(*)N(C)C",0.075,NA,NA
"233","CCOP(*)C1=CC=CC=C1",0,NA,NA
"234","*P(C1=CC=CC=C1)C1=CC=CC=C1",0.193333333,NA,NA
"235","ClP(Cl)*",0.535,NA,NA
"236","FP(F)*",0.41,NA,NA
"237","ClP(Cl)(*)=O",0.79,NA,NA
"238","FP(F)(*)=O",0.81,NA,NA
"239","OP(O)(*)=O",0.36,NA,NA
"240","CP(C)(*)=O",0.436,NA,NA
"241","CCCCP(*)(=O)CCCC",0.36,NA,NA
"242","COP(*)(=O)OC",0.3925,NA,NA
"243","CCOP(*)(=O)OCC",0.435,NA,NA
"244","CCCOP(*)(=O)OCCC",0.38,NA,NA
"245","*P(=O)(C1=CC=CC=C1)C1=CC=CC=C1",0.377,NA,NA
"246","CP(C)(*)=S",0.43,NA,NA
"247","ClP(Cl)(*)=S",0.715,NA,NA
"248","*P(=S)(C1=CC=CC=C1)C1=CC=CC=C1",0.365,NA,NA
"249","S*",0.236666667,NA,NA
"250","CS*",0.1425,NA,NA
"251","CCS*",0.19,NA,NA
"252","CCCS*",0.22,NA,NA
"253","CCCCS*",0.21,NA,NA
"254","CCCCCS*",0,NA,NA
"255","CC(C)S*",0.2,NA,NA
"256","*SCC1=CC=CC=C1",0.23,NA,NA
"257","*SC1=CC=CC=C1",0.233333333,NA,NA
"258","*SC1CCCCC1",0,NA,NA
"259","*SC=C",0.22,NA,NA
"260","*SCC=C",0.19,NA,NA
"261","*SC#C",0.26,NA,NA
"262","*SC#N",0.483333333,NA,NA
"263","FCS*",0.23,NA,NA
"264","FC(F)S*",0.33,NA,NA
"265","ClS*",0.44,NA,NA
"266","FC(F)(F)S*",0.387,NA,NA
"267","CN(C)S*",0.12,NA,NA
"268","COS*",0.21,NA,NA
"269","FCOS*",0,NA,NA
"270","CC(=O)S*",0.384,NA,NA
"271","NC(=O)S*",0.34,NA,NA
"272","FS(F)(F)*",0.7,NA,NA
"273","OS(*)(=O)=O",0.555,NA,NA
"274","CS(*)(=O)=O",0.635454545,NA,NA
"275","CS(*)=O",0.496666667,NA,NA
"276","CCS(*)(=O)=O",0.66,NA,NA
"277","CCS(*)=O",0,NA,NA
"278","CCCS(*)(=O)=O",0.67,NA,NA
"279","CCCS(*)=O",0,NA,NA
"280","FS(*)(=O)=O",0.885,NA,NA
"281","FS(*)=O",0.74,NA,NA
"282","ClS(*)(=O)=O",0.996666667,NA,NA
"283","ClS(*)=O",0,NA,NA
"284","FC(F)(F)S(*)(=O)=O",0.827777778,NA,NA
"285","FC(F)(F)S(*)=O",0.653333333,NA,NA
"286","CC(C)S(*)(=O)=O",0,NA,NA
"287","CC(C)S(*)=O",0,NA,NA
"288","NS(*)(=O)=O",0.526,NA,NA
"289","NS(*)=O",0,NA,NA
"290","CNS(*)(=O)=O",0,NA,NA
"291","CNS(*)=O",0,NA,NA
"292","CN(C)S(*)(=O)=O",0.52,NA,NA
"293","CN(C)S(*)=O",0,NA,NA
"294","*S(=O)(=O)C1=CC=CC=C1",0.62,NA,NA
"295","*S(=O)C1=CC=CC=C1",0.505,NA,NA
"296","*S(=O)(=O)C=C",0,NA,NA
"297","COS(*)(=O)=O",0,NA,NA
"298","COS(*)=O",0.5,NA,NA
"299","*S(=O)(=O)C#N",1.1,NA,NA
"300","FC(F)S(*)(=O)=O",0.75,NA,NA
"301","[H]C1=CC=CC(*)=C1",NA,0,NA
"302","FC1=CC=CC(*)=C1",NA,0.134,NA
"303","ClC1=CC=CC(*)=C1",NA,0.229166667,NA
"304","BrC1=CC=CC(*)=C1",NA,0.297777778,NA
"305","IC1=CC=CC(*)=C1",NA,0.237777778,NA
"306","*C1=CC(=CC=C1)N(=O)=O",NA,1.467,NA
"307","*C1=CC(=CC=C1)C#N",NA,0.681,NA
"308","CC1=CC=CC(*)=C1",NA,-0.141,NA
"309","CCC1=CC=CC(*)=C1",NA,-0.2,NA
"310","CCCC1=CC=CC(*)=C1",NA,-0.155,NA
"311","CCCCC1=CC=CC(*)=C1",NA,-0.175,NA
"312","CCCCCC1=CC=CC(*)=C1",NA,-0.15,NA
"313","CCCCCCC1=CC=CC(*)=C1",NA,0,NA
"314","CCCCCCCC1=CC=CC(*)=C1",NA,-0.16,NA
"315","CCCCCCCCC1=CC=CC(*)=C1",NA,0,NA
"316","CC(C)CC1=CC=CC(*)=C1",NA,-0.12,NA
"317","CC(C)CCC1=CC=CC(*)=C1",NA,-0.23,NA
"318","CC(C)(C)CC1=CC=CC(*)=C1",NA,0,NA
"319","CC(C)CCCC1=CC=CC(*)=C1",NA,0,NA
"320","CC(C)(C)C1=CC=CC(*)=C1",NA,-0.145,NA
"321","*C1=CC(CC2=CC=CC=C2)=CC=C1",NA,-0.09,NA
"322","*C1=CC(CC2CCCCC2)=CC=C1",NA,0,NA
"323","*C1=CC(CCC2=CC=CC=C2)=CC=C1",NA,-0.12,NA
"324","*C1=CC(=CC=C1)C1=CC=CO1",NA,0,NA
"325","*C1=CC(=CC=C1)C1=COC=C1",NA,0,NA
"326","*C1=CC(CC=C)=CC=C1",NA,-0.14,NA
"327","*C1=CC(CCC=C)=CC=C1",NA,0,NA
"328","*C1=CC(CC#C)=CC=C1",NA,0,NA
"329","OCC1=CC=CC(*)=C1",NA,-0.002,NA
"330","NOCC1=CC=CC(*)=C1",NA,0,NA
"331","COCC1=CC=CC(*)=C1",NA,0.02,NA
"332","CCOCC1=CC=CC(*)=C1",NA,0,NA
"333","CC(=O)OCC1=CC=CC(*)=C1",NA,0.055,NA
"334","COCCC1=CC=CC(*)=C1",NA,0,NA
"335","CC(O)CC1=CC=CC(*)=C1",NA,-0.17,NA
"336","FCC1=CC=CC(*)=C1",NA,0.105,NA
"337","ClCC1=CC=CC(*)=C1",NA,0.155,NA
"338","BrCC1=CC=CC(*)=C1",NA,0.116666667,NA
"339","ICC1=CC=CC(*)=C1",NA,0.095,NA
"340","ClCCC1=CC=CC(*)=C1",NA,0,NA
"341","ClCCCC1=CC=CC(*)=C1",NA,0,NA
"342","FCCCC1=CC=CC(*)=C1",NA,0,NA
"343","BrCCC1=CC=CC(*)=C1",NA,0,NA
"344","ICCC1=CC=CC(*)=C1",NA,0,NA
"345","ClC(Cl)CC1=CC=CC(*)=C1",NA,0,NA
"346","ClC(Cl)(Cl)CC1=CC=CC(*)=C1",NA,0,NA
"347","FC(F)(F)CC1=CC=CC(*)=C1",NA,0.115,NA
"348","*C1=CC(CC#N)=CC=C1",NA,0.116666667,NA
"349","*C1=CC(CCC#N)=CC=C1",NA,0,NA
"350","NCC1=CC=CC(*)=C1",NA,-0.11,NA
"351","CN(C)CC1=CC=CC(*)=C1",NA,0.01,NA
"352","CC(=O)NCC1=CC=CC(*)=C1",NA,-0.05,NA
"353","*C1=CC(CN(=O)=O)=CC=C1",NA,0,NA
"354","CN(C)CCC1=CC=CC(*)=C1",NA,-0.09,NA
"355","*C1=CC(COC2=CC=CC=C2)=CC=C1",NA,0.06,NA
"356","SCC1=CC=CC(*)=C1",NA,0,NA
"357","CSCC1=CC=CC(*)=C1",NA,0,NA
"358","*C1=CC(CSC#N)=CC=C1",NA,0.14,NA
"359","FC(F)(F)SCC1=CC=CC(*)=C1",NA,0.15,NA
"360","CS(=O)CC1=CC=CC(*)=C1",NA,0,NA
"361","CS(=O)(=O)CC1=CC=CC(*)=C1",NA,0,NA
"362","*C1=CC(CC=O)=CC=C1",NA,0,NA
"363","OC(=O)CC1=CC=CC(*)=C1",NA,-0.07,NA
"364","CC(=O)CC1=CC=CC(*)=C1",NA,0,NA
"365","COC(=O)CC1=CC=CC(*)=C1",NA,0,NA
"366","NC(=O)CC1=CC=CC(*)=C1",NA,4.5,NA
"367","OC(=O)CCC1=CC=CC(*)=C1",NA,-0.07,NA
"368","CC(=O)CCC1=CC=CC(*)=C1",NA,0,NA
"369","CC(C)C1=CC=CC(*)=C1",NA,-0.1125,NA
"370","CCC(C)C1=CC=CC(*)=C1",NA,-0.143333333,NA
"371","CCCC(C)C1=CC=CC(*)=C1",NA,-0.22,NA
"372","CCCCC(C)C1=CC=CC(*)=C1",NA,0,NA
"373","CCCC(CC)C1=CC=CC(*)=C1",NA,0,NA
"374","CCC(C(C)C)C1=CC=CC(*)=C1",NA,0,NA
"375","CCCCC(CC)C1=CC=CC(*)=C1",NA,0,NA
"376","CCC(CC(C)C)C1=CC=CC(*)=C1",NA,0,NA
"377","CCC(CC)C1=CC=CC(*)=C1",NA,0,NA
"378","CCCC(CCC)C1=CC=CC(*)=C1",NA,0,NA
"379","CC(C)C(C(C)C)C1=CC=CC(*)=C1",NA,0,NA
"380","CC(C)C(C1=CC=CC(*)=C1)C(C)(C)C",NA,0,NA
"381","CC(C1=CC=CC(*)=C1)C(C)(C)C",NA,0,NA
"382","CC(CC(C)(C)C)C1=CC=CC(*)=C1",NA,0,NA
"383","CC(CC1=CC=CC=C1)C1=CC=CC(*)=C1",NA,0,NA
"384","CCCCC(CCCC)C1=CC=CC(*)=C1",NA,0,NA
"385","CC(C)(C)C(C1=CC=CC(*)=C1)C(C)(C)C",NA,0,NA
"386","CC(C)(C)CC(CC(C)(C)C)C1=CC=CC(*)=C1",NA,0,NA
"387","CC(C)CC(CC(C)C)C1=CC=CC(*)=C1",NA,0,NA
"388","CC(C)CC(CC(C)(C)C)C1=CC=CC(*)=C1",NA,0,NA
"389","CC(C1=CC=CC=C1)C1=CC=CC(*)=C1",NA,0,NA
"390","CCC(C1=CC=CC=C1)C1=CC=CC(*)=C1",NA,0,NA
"391","*C1=CC(=CC=C1)C(C1=CC=CC=C1)C1=CC=CC=C1",NA,-0.045,NA
"392","CC(C=C)C1=CC=CC(*)=C1",NA,0,NA
"393","CC(C#C)C1=CC=CC(*)=C1",NA,0,NA
"394","*C1=CC(=CC=C1)C(C#N)C#N",NA,0.52,NA
"395","FC(F)C1=CC=CC(*)=C1",NA,0.335,NA
"396","ClC(Cl)C1=CC=CC(*)=C1",NA,0.306666667,NA
"397","BrC(Br)C1=CC=CC(*)=C1",NA,0.32,NA
"398","IC(I)C1=CC=CC(*)=C1",NA,0.26,NA
"399","CC(Cl)C1=CC=CC(*)=C1",NA,0,NA
"400","CC(Br)C1=CC=CC(*)=C1",NA,0,NA
"401","CC(I)C1=CC=CC(*)=C1",NA,0,NA
"402","FCC(F)C1=CC=CC(*)=C1",NA,0,NA
"403","CC(O)C1=CC=CC(*)=C1",NA,-0.105,NA
"404","CCC(O)C1=CC=CC(*)=C1",NA,-0.16,NA
"405","CCCC(O)C1=CC=CC(*)=C1",NA,0,NA
"406","CC(C)(C)C(O)C1=CC=CC(*)=C1",NA,0,NA
"407","OC(C1=CC=CC=C1)C1=CC=CC(*)=C1",NA,-0.03,NA
"408","OCC(O)C1=CC=CC(*)=C1",NA,0,NA
"409","OC(O)C1=CC=CC(*)=C1",NA,0,NA
"410","OC(F)C1=CC=CC(*)=C1",NA,0,NA
"411","COC(C)C1=CC=CC(*)=C1",NA,0,NA
"412","CCC(OC)C1=CC=CC(*)=C1",NA,0,NA
"413","COCC(OC)C1=CC=CC(*)=C1",NA,0,NA
"414","*C1=CC(=CC=C1)C1CC1",NA,-0.222,NA
"415","*C1=CC(=CC=C1)C1CCC1",NA,-0.14,NA
"416","*C1=CC(=CC=C1)C1CCCC1",NA,-0.096666667,NA
"417","*C1=CC(=CC=C1)C1CCCCC1",NA,-0.166666667,NA
"418","*C1=CC(=CC=C1)C1CCCCCC1",NA,0,NA
"419","CC(C)(C)C1=CC=CC(*)=C1",NA,-0.052,NA
"420","CCC(C)(C)C1=CC=CC(*)=C1",NA,-0.193333333,NA
"421","CC(C)C(C)(C)C1=CC=CC(*)=C1",NA,0,NA
"422","CC(C)(C)C(C)(C)C1=CC=CC(*)=C1",NA,0,NA
"423","CC(C)(C)CC(C)(C)C1=CC=CC(*)=C1",NA,0,NA
"424","CC(C)(C)CC(C)(C1=CC=CC(*)=C1)C(C)(C)C",NA,0,NA
"425","CC(C)C(C)(C(C)C)C1=CC=CC(*)=C1",NA,0,NA
"426","CC(C)C(C)(C1=CC=CC(*)=C1)C(C)(C)C",NA,0,NA
"427","CCC(C(C)C)(C1=CC=CC(*)=C1)C(C)(C)C",NA,0,NA
"428","CCC(CC)(C(C)C)C1=CC=CC(*)=C1",NA,0,NA
"429","CCC(CC)(C1=CC=CC(*)=C1)C(C)(C)C",NA,0,NA
"430","CCC(C(C)C)(C(C)C)C1=CC=CC(*)=C1",NA,0,NA
"431","CCC(CC)(CC)C1=CC=CC(*)=C1",NA,-0.2,NA
"432","CC(C)C(C(C)C)(C(C)C)C1=CC=CC(*)=C1",NA,0,NA
"433","CC(C1=CC=CC=C1)(C1=CC=CC=C1)C1=CC=CC(*)=C1",NA,0,NA
"434","CCC(C1=CC=CC(*)=C1)(C1=CC=CC=C1)C1=CC=CC=C1",NA,0,NA
"435","(C1=CC=CC(*)=C1)C(C1=CC=CC=C1)(C1=CC=CC=C1)C1=CC=CC=C1",NA,0.04,NA
"436","CC(C)(O)(C1=CC=CC(*)=C1)",NA,0.24,NA
"437","COC(C)(C)(C1=CC=CC(*)=C1)",NA,0,NA
"438","CC(C)(Br)(C1=CC=CC(*)=C1)",NA,0,NA
"439","CC(Br)(Br)(C1=CC=CC(*)=C1)",NA,0,NA
"440","FC(F)(F)(C1=CC=CC(*)=C1)",NA,0.515,NA
"441","ClC(Cl)(Cl)(C1=CC=CC(*)=C1)",NA,0.424,NA
"442","BrC(Br)(Br)(C1=CC=CC(*)=C1)",NA,0.29,NA
"443","IC(I)(I)(C1=CC=CC(*)=C1)",NA,0,NA
"444","FC(F)(Cl)(C1=CC=CC(*)=C1)",NA,0.46,NA
"445","FC(F)(F)C(F)(F)(C1=CC=CC(*)=C1)",NA,0.605,NA
"446","(C1=CC=CC(*)=C1)C=C",NA,-0.043333333,NA
"447","CC=C(C1=CC=CC(*)=C1)",NA,0,NA
"448","CC=C(C1=CC=CC(*)=C1)",NA,0,NA
"449","CCC=C(C1=CC=CC(*)=C1)",NA,0,NA
"450","CC(C)=C(C1=CC=CC(*)=C1)",NA,0,NA
"451","(C1=CC=CC(*)=C1)\C=C\C=O",NA,0.13,NA
"452","OC(=O)\C=C(C1=CC=CC(*)=C1)",NA,0.615,NA
"453","CC(=O)\C=C(C1=CC=CC(*)=C1)",NA,-0.01,NA
"454","CCOC(=O)\C=C(C1=CC=CC(*)=C1)",NA,0,NA
"455","ClC=C(C1=CC=CC(*)=C1)",NA,0,NA
"456","ClC=C(C1=CC=CC(*)=C1)",NA,0,NA
"457","ClC(Cl)=C(C1=CC=CC(*)=C1)",NA,0,NA
"458","FC(F)=C(C1=CC=CC(*)=C1)",NA,0,NA
"459","(C1=CC=CC(*)=C1)\C=C/C#N",NA,0.17,NA
"460","(C1=CC=CC(*)=C1)C=C(C#N)C#N",NA,0.77,NA
"461","(C1=CC=CC(*)=C1)\C=C/N(=O)=O",NA,0.26,NA
"462","(C1=CC=CC(*)=C1)\C=C/C1=CC=CC=C1",NA,-0.09,NA
"463","CC(C1=CC=CC(*)=C1)=C",NA,0.105,NA
"464","C\C=C(\C)(C1=CC=CC(*)=C1)",NA,0,NA
"465","ClC(Cl)=C(Cl)(C1=CC=CC(*)=C1)",NA,0,NA
"466","FC(F)=C(F)(C1=CC=CC(*)=C1)",NA,0,NA
"467","(C1=CC=CC(*)=C1)C(C#N)=C(C#N)C#N",NA,0.98,NA
"468","(C1=CC=CC(*)=C1)C#C",NA,0.245,NA
"469","CC#C(C1=CC=CC(*)=C1)",NA,0.08,NA
"470","(C1=CC=CC(*)=C1)C#CC1=CC=CC=C1",NA,0.228,NA
"471","FC(F)(F)C#C(C1=CC=CC(*)=C1)",NA,0.51,NA
"472","(C1=CC=CC(*)=C1)C=O",NA,0.491111111,NA
"473","OC(C1=CC=CC(*)=C1)=O",NA,0.423333333,NA
"474","CCOC(C1=CC=CC(*)=C1)=O",NA,0.415,NA
"475","CC(C1=CC=CC(*)=C1)=O",NA,0.482,NA
"476","CC(C)C(C1=CC=CC(*)=C1)=O",NA,0.47,NA
"477","(C1=CC=CC(*)=C1)C(=O)C1=CC=CC=C1",NA,0.444285714,NA
"478","FC(F)(F)C(C1=CC=CC(*)=C1)=O",NA,0.8,NA
"479","NC(C1=CC=CC(*)=C1)=O",NA,0.373333333,NA
"480","CNC(C1=CC=CC(*)=C1)=O",NA,0.36,NA
"481","(C1=CC=CC(*)=C1)C(=O)NC1=CC=CC=C1",NA,0.395,NA
"482","COC(C1=CC=CC(*)=C1)=O",NA,0.44,NA
"483","CCOC(C1=CC=CC(*)=C1)=O",NA,0.415,NA
"484","(C1=CC=CC(*)=C1)C1=CC=CC=C1",NA,0.005,NA
"485","(C1=CC=CC(*)=C1)C1=CC=C2C=CC=CC2=C1",NA,0,NA
"486","(C1=CC=CC(*)=C1)C1=CC2=C(C=C1)C=C1C=CC=CC1=C2",NA,0,NA
"487","(C1=CC=CC(*)=C1)C1=CC=C2C=C3C=C4C=CC=CC4=CC3=CC2=C1",NA,0,NA
"488","(C1=CC=CC(*)=C1)C1=CC=CO1",NA,0.015,NA
"489","(C1=CC=CC(*)=C1)C1=COC=C1",NA,0,NA
"490","N(C1=CC=CC(*)=C1)",NA,-0.542666667,NA
"491","CN(C1=CC=CC(*)=C1)",NA,-0.6925,NA
"492","CCN(C1=CC=CC(*)=C1)",NA,-0.61,NA
"493","CCCN(C1=CC=CC(*)=C1)",NA,0,NA
"494","CCCCN(C1=CC=CC(*)=C1)",NA,-0.51,NA
"495","(C1=CC=CC(*)=C1)NC1=CC=CC=C1",NA,-0.452,NA
"496","(C1=CC=CC(*)=C1)NC=O",NA,0.033333333,NA
"497","CC(=O)N(C1=CC=CC(*)=C1)",NA,-0.034,NA
"498","(C1=CC=CC(*)=C1)NC(=O)C1=CC=CC=C1",NA,-0.0925,NA
"499","CCOC(=O)N(C1=CC=CC(*)=C1)",NA,-0.103333333,NA
"500","NC(=O)N(C1=CC=CC(*)=C1)",NA,0,NA
"501","ON(C1=CC=CC(*)=C1)",NA,-0.34,NA
"502","NN(C1=CC=CC(*)=C1)",NA,-0.55,NA
"503","CN(C)(C1=CC=CC(*)=C1)",NA,-0.573571429,NA
"504","CCN(C1=CC=CC(*)=C1)CC",NA,-0.796666667,NA
"505","CN(C1=CC=CC(*)=C1)C(C)=O",NA,0.26,NA
"506","O(C1=CC=CC(*)=C1)",NA,-0.138,NA
"507","CO(C1=CC=CC(*)=C1)",NA,-0.30125,NA
"508","CCO(C1=CC=CC(*)=C1)",NA,-0.506,NA
"509","CCCO(C1=CC=CC(*)=C1)",NA,-0.253333333,NA
"510","CCCCO(C1=CC=CC(*)=C1)",NA,-0.31,NA
"511","CCCCCO(C1=CC=CC(*)=C1)",NA,-0.33,NA
"512","CC(C)O(C1=CC=CC(*)=C1)",NA,-0.37,NA
"513","(C1=CC=CC(*)=C1)OCC=C",NA,-0.25,NA
"514","(C1=CC=CC(*)=C1)OCC#C",NA,0,NA
"515","(C1=CC=CC(*)=C1)OC1CCCCC1",NA,0,NA
"516","(C1=CC=CC(*)=C1)OC1=CC=CC=C1",NA,-0.026666667,NA
"517","CC(=O)O(C1=CC=CC(*)=C1)",NA,0.238,NA
"518","FC(F)(F)C(=O)O(C1=CC=CC(*)=C1)",NA,0,NA
"519","(C1=CC=CC(*)=C1)ON(=O)=O",NA,0.7,NA
"520","FC(F)(F)O(C1=CC=CC(*)=C1)",NA,0.335,NA
"521","ClCO(C1=CC=CC(*)=C1)",NA,0.08,NA
"522","FCO(C1=CC=CC(*)=C1)",NA,0.02,NA
"523","ClC(Cl)O(C1=CC=CC(*)=C1)",NA,0.26,NA
"524","FC(F)O(C1=CC=CC(*)=C1)",NA,0.18,NA
"525","ClC(Cl)(Cl)O(C1=CC=CC(*)=C1)",NA,0.35,NA
"526","(C1=CC=CC(*)=C1)OC#N",NA,0.54,NA
"527","CS(=O)(=O)O(C1=CC=CC(*)=C1)",NA,0.34,NA
"528","CP(C)(C1=CC=CC(*)=C1)",NA,0.156666667,NA
"529","CCP(C1=CC=CC(*)=C1)CC",NA,0.16,NA
"530","(C1=CC=CC(*)=C1)P(C#N)C#N",NA,0.9,NA
"531","COP(C1=CC=CC(*)=C1)OC",NA,0,NA
"532","CN(C)P(C1=CC=CC(*)=C1)N(C)C",NA,0.095,NA
"533","CCOP(C1=CC=CC(*)=C1)C1=CC=CC=C1",NA,0.32,NA
"534","(C1=CC=CC(*)=C1)P(C1=CC=CC=C1)C1=CC=CC=C1",NA,0.259,NA
"535","ClP(Cl)(C1=CC=CC(*)=C1)",NA,0.636666667,NA
"536","FP(F)(C1=CC=CC(*)=C1)",NA,0.596666667,NA
"537","ClP(Cl)(C1=CC=CC(*)=C1)=O",NA,0.746666667,NA
"538","FP(F)(C1=CC=CC(*)=C1)=O",NA,0.89,NA
"539","OP(O)(C1=CC=CC(*)=C1)=O",NA,0.42,NA
"540","CP(C)(C1=CC=CC(*)=C1)=O",NA,0.5175,NA
"541","CCCCP(C1=CC=CC(*)=C1)(=O)CCCC",NA,0.51,NA
"542","COP(C1=CC=CC(*)=C1)(=O)OC",NA,0.575,NA
"543","CCOP(C1=CC=CC(*)=C1)(=O)OCC",NA,0.566666667,NA
"544","CCCOP(C1=CC=CC(*)=C1)(=O)OCCC",NA,0.5,NA
"545","(C1=CC=CC(*)=C1)P(=O)(C1=CC=CC=C1)C1=CC=CC=C1",NA,0.5,NA
"546","CP(C)(C1=CC=CC(*)=C1)=S",NA,0,NA
"547","ClP(Cl)(C1=CC=CC(*)=C1)=S",NA,0.673333333,NA
"548","(C1=CC=CC(*)=C1)P(=S)(C1=CC=CC=C1)C1=CC=CC=C1",NA,0.446,NA
"549","S(C1=CC=CC(*)=C1)",NA,0.106666667,NA
"550","CS(C1=CC=CC(*)=C1)",NA,0.013333333,NA
"551","CCS(C1=CC=CC(*)=C1)",NA,-0.005,NA
"552","CCCS(C1=CC=CC(*)=C1)",NA,0,NA
"553","CCCCS(C1=CC=CC(*)=C1)",NA,0,NA
"554","CCCCCS(C1=CC=CC(*)=C1)",NA,0,NA
"555","CC(C)S(C1=CC=CC(*)=C1)",NA,0.03,NA
"556","(C1=CC=CC(*)=C1)SCC1=CC=CC=C1",NA,0,NA
"557","(C1=CC=CC(*)=C1)SC1=CC=CC=C1",NA,0.0725,NA
"558","(C1=CC=CC(*)=C1)SC1CCCCC1",NA,0,NA
"559","(C1=CC=CC(*)=C1)SC=C",NA,0.196666667,NA
"560","(C1=CC=CC(*)=C1)SCC=C",NA,0.12,NA
"561","(C1=CC=CC(*)=C1)SC#C",NA,0.19,NA
"562","(C1=CC=CC(*)=C1)SC#N",NA,0.5325,NA
"563","FCS(C1=CC=CC(*)=C1)",NA,0.2,NA
"564","FC(F)S(C1=CC=CC(*)=C1)",NA,0.365,NA
"565","ClS(C1=CC=CC(*)=C1)",NA,0.48,NA
"566","FC(F)(F)S(C1=CC=CC(*)=C1)",NA,0.453333333,NA
"567","CN(C)S(C1=CC=CC(*)=C1)",NA,0.09,NA
"568","COS(C1=CC=CC(*)=C1)",NA,0.17,NA
"569","FCOS(C1=CC=CC(*)=C1)",NA,0,NA
"570","CC(=O)S(C1=CC=CC(*)=C1)",NA,0.42,NA
"571","NC(=O)S(C1=CC=CC(*)=C1)",NA,0,NA
"572","FS(F)(F)(C1=CC=CC(*)=C1)",NA,0.8,NA
"573","OS(C1=CC=CC(*)=C1)(=O)=O",NA,0,NA
"574","CS(C1=CC=CC(*)=C1)(=O)=O",NA,0.714,NA
"575","CS(C1=CC=CC(*)=C1)=O",NA,0.481428571,NA
"576","CCS(C1=CC=CC(*)=C1)(=O)=O",NA,0.77,NA
"577","CCS(C1=CC=CC(*)=C1)=O",NA,0,NA
"578","CCCS(C1=CC=CC(*)=C1)(=O)=O",NA,0,NA
"579","CCCS(C1=CC=CC(*)=C1)=O",NA,0,NA
"580","FS(C1=CC=CC(*)=C1)(=O)=O",NA,0.995,NA
"581","FS(C1=CC=CC(*)=C1)=O",NA,0.83,NA
"582","ClS(C1=CC=CC(*)=C1)(=O)=O",NA,1.07,NA
"583","ClS(C1=CC=CC(*)=C1)=O",NA,0,NA
"584","FC(F)(F)S(C1=CC=CC(*)=C1)(=O)=O",NA,0.977777778,NA
"585","FC(F)(F)S(C1=CC=CC(*)=C1)=O",NA,0.683333333,NA
"586","CC(C)S(C1=CC=CC(*)=C1)(=O)=O",NA,0,NA
"587","CC(C)S(C1=CC=CC(*)=C1)=O",NA,0,NA
"588","NS(C1=CC=CC(*)=C1)(=O)=O",NA,0.59,NA
"589","NS(C1=CC=CC(*)=C1)=O",NA,0,NA
"590","CNS(C1=CC=CC(*)=C1)(=O)=O",NA,0,NA
"591","CNS(C1=CC=CC(*)=C1)=O",NA,0,NA
"592","CN(C)S(C1=CC=CC(*)=C1)(=O)=O",NA,0.66,NA
"593","CN(C)S(C1=CC=CC(*)=C1)=O",NA,0,NA
"594","(C1=CC=CC(*)=C1)S(=O)(=O)C1=CC=CC=C1",NA,0.6975,NA
"595","(C1=CC=CC(*)=C1)S(=O)C1=CC=CC=C1",NA,0.456666667,NA
"596","(C1=CC=CC(*)=C1)S(=O)(=O)C=C",NA,0,NA
"597","COS(C1=CC=CC(*)=C1)(=O)=O",NA,0.9,NA
"598","COS(C1=CC=CC(*)=C1)=O",NA,0.54,NA
"599","(C1=CC=CC(*)=C1)S(=O)(=O)C#N",NA,1.26,NA
"600","FC(F)S(C1=CC=CC(*)=C1)(=O)=O",NA,0.86,NA
"601","[H]C1=CC=C(*)C=C1",NA,NA,-0.49
"602","FC1=CC=C(*)C=C1",NA,NA,2.7575
"603","ClC1=CC=C(*)C=C1",NA,NA,2.822
"604","BrC1=CC=C(*)C=C1",NA,NA,2.7625
"605","IC1=CC=C(*)C=C1",NA,NA,2.36
"606","*C1=CC=C(C=C1)N(=O)=O",NA,NA,4.455
"607","*C1=CC=C(C=C1)C#N",NA,NA,3.553333333
"608","CC1=CC=C(*)C=C1",NA,NA,0
"609","CCC1=CC=C(*)C=C1",NA,NA,-0.1
"610","CCCC1=CC=C(*)C=C1",NA,NA,-0.186666667
"611","CCCCC1=CC=C(*)C=C1",NA,NA,-0.16
"612","CCCCCC1=CC=C(*)C=C1",NA,NA,-0.095
"613","CCCCCCC1=CC=C(*)C=C1",NA,NA,-0.1425
"614","CCCCCCCC1=CC=C(*)C=C1",NA,NA,-0.23
"615","CCCCCCCCC1=CC=C(*)C=C1",NA,NA,-0.1
"616","CC(C)CC1=CC=C(*)C=C1",NA,NA,-0.17
"617","CC(C)CCC1=CC=C(*)C=C1",NA,NA,-0.16
"618","CC(C)(C)CC1=CC=C(*)C=C1",NA,NA,0
"619","CC(C)CCCC1=CC=C(*)C=C1",NA,NA,0
"620","CC(C)(C)CC1=CC=C(*)C=C1",NA,NA,0.24
"621","*C1=CC=C(CC2=CC=CC=C2)C=C1",NA,NA,0.228571429
"622","*C1=CC=C(CC2CCCCC2)C=C1",NA,NA,-0.1325
"623","*C1=CC=C(CCC2=CC=CC=C2)C=C1",NA,NA,0.01
"624","*C1=CC=C(C=C1)C1=CC=CO1",NA,NA,0
"625","*C1=CC=C(C=C1)C1=COC=C1",NA,NA,0
"626","*C1=CC=C(CC=C)C=C1",NA,NA,0.154444444
"627","*C1=CC=C(CCC=C)C=C1",NA,NA,0
"628","*C1=CC=C(CC#C)C=C1",NA,NA,0.698
"629","OCC1=CC=C(*)C=C1",NA,NA,0.555
"630","NOCC1=CC=C(*)C=C1",NA,NA,0
"631","COCC1=CC=C(*)C=C1",NA,NA,0.611666667
"632","CCOCC1=CC=C(*)C=C1",NA,NA,0.55
"633","CC(=O)OCC1=CC=C(*)C=C1",NA,NA,0.89
"634","COCCC1=CC=C(*)C=C1",NA,NA,0.24
"635","CC(O)CC1=CC=C(*)C=C1",NA,NA,0.05
"636","FCC1=CC=C(*)C=C1",NA,NA,1.14
"637","ClCC1=CC=C(*)C=C1",NA,NA,1.03
"638","BrCC1=CC=C(*)C=C1",NA,NA,1.02
"639","ICC1=CC=C(*)C=C1",NA,NA,0.895
"640","ClCCC1=CC=C(*)C=C1",NA,NA,0.39
"641","ClCCCC1=CC=C(*)C=C1",NA,NA,0.145
"642","FCCCC1=CC=C(*)C=C1",NA,NA,0.14
"643","BrCCC1=CC=C(*)C=C1",NA,NA,0.3875
"644","ICCC1=CC=C(*)C=C1",NA,NA,0.41
"645","ClC(Cl)CC1=CC=C(*)C=C1",NA,NA,0
"646","ClC(Cl)(Cl)CC1=CC=C(*)C=C1",NA,NA,0.75
"647","FC(F)(F)CC1=CC=C(*)C=C1",NA,NA,0.895
"648","*C1=CC=C(CC#N)C=C1",NA,NA,1.366666667
"649","*C1=CC=C(CCC#N)C=C1",NA,NA,0.688
"650","NCC1=CC=C(*)C=C1",NA,NA,0.44
"651","CN(C)CC1=CC=C(*)C=C1",NA,NA,0.283333333
"652","CC(=O)NCC1=CC=C(*)C=C1",NA,NA,0.515
"653","*C1=CC=C(CN(=O)=O)C=C1",NA,NA,1.6625
"654","CN(C)CCC1=CC=C(*)C=C1",NA,NA,0.13
"655","*C1=CC=C(COC2=CC=CC=C2)C=C1",NA,NA,0.88
"656","SCC1=CC=C(*)C=C1",NA,NA,0.556666667
"657","CSCC1=CC=C(*)C=C1",NA,NA,0.505
"658","*C1=CC=C(CSC#N)C=C1",NA,NA,1.18
"659","FC(F)(F)SCC1=CC=C(*)C=C1",NA,NA,0.75
"660","CS(=O)CC1=CC=C(*)C=C1",NA,NA,1.33
"661","CS(=O)(=O)CC1=CC=C(*)C=C1",NA,NA,1.35
"662","*C1=CC=C(CC=O)C=C1",NA,NA,0.62
"663","OC(=O)CC1=CC=C(*)C=C1",NA,NA,0.913333333
"664","CC(=O)CC1=CC=C(*)C=C1",NA,NA,0.612
"665","COC(=O)CC1=CC=C(*)C=C1",NA,NA,1.06
"666","NC(=O)CC1=CC=C(*)C=C1",NA,NA,0.31
"667","OC(=O)CCC1=CC=C(*)C=C1",NA,NA,0.35
"668","CC(=O)CCC1=CC=C(*)C=C1",NA,NA,0.23
"669","CC(C)C1=CC=C(*)C=C1",NA,NA,-0.24
"670","CCC(C)C1=CC=C(*)C=C1",NA,NA,-0.203333333
"671","CCCC(C)C1=CC=C(*)C=C1",NA,NA,0
"672","CCCCC(C)C1=CC=C(*)C=C1",NA,NA,0
"673","CCCC(CC)C1=CC=C(*)C=C1",NA,NA,0
"674","CCC(C(C)C)C1=CC=C(*)C=C1",NA,NA,0
"675","CCCCC(CC)C1=CC=C(*)C=C1",NA,NA,0
"676","CCC(CC(C)C)C1=CC=C(*)C=C1",NA,NA,0
"677","CCC(CC)C1=CC=C(*)C=C1",NA,NA,-0.23
"678","CCCC(CCC)C1=CC=C(*)C=C1",NA,NA,0
"679","CC(C)C(C(C)C)C1=CC=C(*)C=C1",NA,NA,0
"680","CC(C)C(C1=CC=C(*)C=C1)C(C)(C)C",NA,NA,0
"681","CC(C1=CC=C(*)C=C1)C(C)(C)C",NA,NA,-0.29
"682","CC(CC(C)(C)C)C1=CC=C(*)C=C1",NA,NA,0
"683","CC(CC1=CC=CC=C1)C1=CC=C(*)C=C1",NA,NA,0.03
"684","CCCCC(CCCC)C1=CC=C(*)C=C1",NA,NA,0
"685","CC(C)(C)C(C1=CC=C(*)C=C1)C(C)(C)C",NA,NA,0
"686","CC(C)(C)CC(CC(C)(C)C)C1=CC=C(*)C=C1",NA,NA,0
"687","CC(C)CC(CC(C)C)C1=CC=C(*)C=C1",NA,NA,0
"688","CC(C)CC(CC(C)(C)C)C1=CC=C(*)C=C1",NA,NA,0
"689","CC(C1=CC=CC=C1)C1=CC=C(*)C=C1",NA,NA,0.24
"690","CCC(C1=CC=CC=C1)C1=CC=C(*)C=C1",NA,NA,0.04
"691","*C1=CC=C(C=C1)C(C1=CC=CC=C1)C1=CC=CC=C1",NA,NA,0.3975
"692","CC(C=C)C1=CC=C(*)C=C1",NA,NA,0
"693","CC(C#C)C1=CC=C(*)C=C1",NA,NA,0
"694","*C1=CC=C(C=C1)C(C#N)C#N",NA,NA,3.4
"695","FC(F)C1=CC=C(*)C=C1",NA,NA,2.03
"696","ClC(Cl)C1=CC=C(*)C=C1",NA,NA,1.9675
"697","BrC(Br)C1=CC=C(*)C=C1",NA,NA,1.955
"698","IC(I)C1=CC=C(*)C=C1",NA,NA,1.62
"699","CC(Cl)C1=CC=C(*)C=C1",NA,NA,0.9975
"700","CC(Br)C1=CC=C(*)C=C1",NA,NA,1.05
"701","CC(I)C1=CC=C(*)C=C1",NA,NA,0
"702","FCC(F)C1=CC=C(*)C=C1",NA,NA,0
"703","CC(O)C1=CC=C(*)C=C1",NA,NA,0.346666667
"704","CCC(O)C1=CC=C(*)C=C1",NA,NA,0.08
"705","CCCC(O)C1=CC=C(*)C=C1",NA,NA,0
"706","CC(C)(C)C(O)C1=CC=C(*)C=C1",NA,NA,0
"707","OC(C1=CC=CC=C1)C1=CC=C(*)C=C1",NA,NA,0.673333333
"708","OCC(O)C1=CC=C(*)C=C1",NA,NA,0
"709","OC(O)C1=CC=C(*)C=C1",NA,NA,1.37
"710","OC(F)C1=CC=C(*)C=C1",NA,NA,0
"711","COC(C)C1=CC=C(*)C=C1",NA,NA,0
"712","CCC(OC)C1=CC=C(*)C=C1",NA,NA,0
"713","COCC(OC)C1=CC=C(*)C=C1",NA,NA,0
"714","*C1=CC=C(C=C1)C1CC1",NA,NA,0
"715","*C1=CC=C(C=C1)C1CCC1",NA,NA,-0.15
"716","*C1=CC=C(C=C1)C1CCCC1",NA,NA,-0.2
"717","*C1=CC=C(C=C1)C1CCCCC1",NA,NA,-0.178
"718","*C1=CC=C(C=C1)C1CCCCCC1",NA,NA,-0.13
"719","CC(C)(C)C1=CC=C(*)C=C1",NA,NA,-0.3
"720","CCC(C)(C)C1=CC=C(*)C=C1",NA,NA,-0.32
"721","CC(C)C(C)(C)C1=CC=C(*)C=C1",NA,NA,0
"722","CC(C)(C)C(C)(C)C1=CC=C(*)C=C1",NA,NA,0
"723","CC(C)(C)CC(C)(C)C1=CC=C(*)C=C1",NA,NA,0
"724","CC(C)(C)CC(C)(C1=CC=C(*)C=C1)C(C)(C)C",NA,NA,0
"725","CC(C)C(C)(C(C)C)C1=CC=C(*)C=C1",NA,NA,0
"726","CC(C)C(C)(C1=CC=C(*)C=C1)C(C)(C)C",NA,NA,0
"727","CCC(C(C)C)(C1=CC=C(*)C=C1)C(C)(C)C",NA,NA,0
"728","CCC(CC)(C(C)C)C1=CC=C(*)C=C1",NA,NA,0
"729","CCC(CC)(C1=CC=C(*)C=C1)C(C)(C)C",NA,NA,0
"730","CCC(C(C)C)(C(C)C)C1=CC=C(*)C=C1",NA,NA,0
"731","CCC(CC)(CC)C1=CC=C(*)C=C1",NA,NA,0
"732","CC(C)C(C(C)C)(C(C)C)C1=CC=C(*)C=C1",NA,NA,0
"733","CC(C1=CC=CC=C1)(C1=CC=CC=C1)C1=CC=C(*)C=C1",NA,NA,0.315
"734","CCC(C1=CC=C(*)C=C1)(C1=CC=CC=C1)C1=CC=CC=C1",NA,NA,0.29
"735","(C1=CC=C(*)C=C1)C(C1=CC=CC=C1)(C1=CC=CC=C1)C1=CC=CC=C1",NA,NA,0.536666667
"736","CC(C)(O)(C1=CC=C(*)C=C1)",NA,NA,0.335
"737","COC(C)(C)(C1=CC=C(*)C=C1)",NA,NA,0
"738","CC(C)(Br)(C1=CC=C(*)C=C1)",NA,NA,0
"739","CC(Br)(Br)(C1=CC=C(*)C=C1)",NA,NA,0
"740","FC(F)(F)(C1=CC=C(*)C=C1)",NA,NA,2.604
"741","ClC(Cl)(Cl)(C1=CC=C(*)C=C1)",NA,NA,2.666666667
"742","BrC(Br)(Br)(C1=CC=C(*)C=C1)",NA,NA,2.465
"743","IC(I)(I)(C1=CC=C(*)C=C1)",NA,NA,0
"744","FC(F)(Cl)(C1=CC=C(*)C=C1)",NA,NA,0
"745","FC(F)(F)C(F)(F)(C1=CC=C(*)C=C1)",NA,NA,2.695
"746","(C1=CC=C(*)C=C1)C=C",NA,NA,0.52
"747","CC=C(C1=CC=C(*)C=C1)",NA,NA,0
"748","CC=C(C1=CC=C(*)C=C1)",NA,NA,0
"749","CCC=C(C1=CC=C(*)C=C1)",NA,NA,0.31
"750","CC(C)=C(C1=CC=C(*)C=C1)",NA,NA,0.19
"751","(C1=CC=C(*)C=C1)\C=C\C=O",NA,NA,0
"752","OC(=O)\C=C(C1=CC=C(*)C=C1)",NA,NA,1.01
"753","CC(=O)\C=C(C1=CC=C(*)C=C1)",NA,NA,1.08
"754","CCOC(=O)\C=C(C1=CC=C(*)C=C1)",NA,NA,0
"755","ClC=C(C1=CC=C(*)C=C1)",NA,NA,0
"756","ClC=C(C1=CC=C(*)C=C1)",NA,NA,0.885
"757","ClC(Cl)=C(C1=CC=C(*)C=C1)",NA,NA,1
"758","FC(F)=C(C1=CC=C(*)C=C1)",NA,NA,1.19
"759","(C1=CC=C(*)C=C1)\C=C/C#N",NA,NA,0
"760","(C1=CC=C(*)C=C1)C=C(C#N)C#N",NA,NA,2.56
"761","(C1=CC=C(*)C=C1)\C=C/N(=O)=O",NA,NA,1.725
"762","(C1=CC=C(*)C=C1)\C=C/C1=CC=CC=C1",NA,NA,0.41
"763","CC(C1=CC=C(*)C=C1)=C",NA,NA,0.48
"764","C\C=C(\C)(C1=CC=C(*)C=C1)",NA,NA,0
"765","ClC(Cl)=C(Cl)(C1=CC=C(*)C=C1)",NA,NA,2.25
"766","FC(F)=C(F)(C1=CC=C(*)C=C1)",NA,NA,1.94
"767","(C1=CC=C(*)C=C1)C(C#N)=C(C#N)C#N",NA,NA,4.2
"768","(C1=CC=C(*)C=C1)C#C",NA,NA,1.768
"769","CC#C(C1=CC=C(*)C=C1)",NA,NA,1.33
"770","(C1=CC=C(*)C=C1)C#CC1=CC=CC=C1",NA,NA,1.735
"771","FC(F)(F)C#C(C1=CC=C(*)C=C1)",NA,NA,1.94
"772","(C1=CC=C(*)C=C1)C=O",NA,NA,2.15
"773","OC(C1=CC=C(*)C=C1)=O",NA,NA,2.268
"774","CCOC(C1=CC=C(*)C=C1)=O",NA,NA,2.26
"775","CC(C1=CC=C(*)C=C1)=O",NA,NA,1.69
"776","CC(C)C(C1=CC=C(*)C=C1)=O",NA,NA,0
"777","(C1=CC=C(*)C=C1)C(=O)C1=CC=CC=C1",NA,NA,2.2
"778","FC(F)(F)C(C1=CC=C(*)C=C1)=O",NA,NA,3.7
"779","NC(C1=CC=C(*)C=C1)=O",NA,NA,1.67
"780","CNC(C1=CC=C(*)C=C1)=O",NA,NA,0
"781","(C1=CC=C(*)C=C1)C(=O)NC1=CC=CC=C1",NA,NA,1.56
"782","COC(C1=CC=C(*)C=C1)=O",NA,NA,2.085
"783","CCOC(C1=CC=C(*)C=C1)=O",NA,NA,2.26
"784","(C1=CC=C(*)C=C1)C1=CC=CC=C1",NA,NA,0.632857143
"785","(C1=CC=C(*)C=C1)C1=CC=C2C=CC=CC2=C1",NA,NA,0.365
"786","(C1=CC=C(*)C=C1)C1=CC2=C(C=C1)C=C1C=CC=CC1=C2",NA,NA,0
"787","(C1=CC=C(*)C=C1)C1=CC=C2C=C3C=C4C=CC=CC4=CC3=CC2=C1",NA,NA,0
"788","(C1=CC=C(*)C=C1)C1=CC=CO1",NA,NA,0.665
"789","(C1=CC=C(*)C=C1)C1=COC=C1",NA,NA,0.635
"790","N(C1=CC=C(*)C=C1)",NA,NA,0.95
"791","CN(C1=CC=C(*)C=C1)",NA,NA,-0.0775
"792","CCN(C1=CC=C(*)C=C1)",NA,NA,0.3
"793","CCCN(C1=CC=C(*)C=C1)",NA,NA,0
"794","CCCCN(C1=CC=C(*)C=C1)",NA,NA,-1.08
"795","(C1=CC=C(*)C=C1)NC1=CC=CC=C1",NA,NA,0
"796","(C1=CC=C(*)C=C1)NC=O",NA,NA,1.8
"797","CC(=O)N(C1=CC=C(*)C=C1)",NA,NA,1.51
"798","(C1=CC=C(*)C=C1)NC(=O)C1=CC=CC=C1",NA,NA,1.66
"799","CCOC(=O)N(C1=CC=C(*)C=C1)",NA,NA,1.805
"800","NC(=O)N(C1=CC=C(*)C=C1)",NA,NA,0
"801","ON(C1=CC=C(*)C=C1)",NA,NA,0.3
"802","NN(C1=CC=C(*)C=C1)",NA,NA,0.4
"803","CN(C)(C1=CC=C(*)C=C1)",NA,NA,0.78
"804","CCN(C1=CC=C(*)C=C1)CC",NA,NA,0.695
"805","CN(C1=CC=C(*)C=C1)C(C)=O",NA,NA,2.25
"806","O(C1=CC=C(*)C=C1)",NA,NA,1.486666667
"807","CO(C1=CC=C(*)C=C1)",NA,NA,1.745
"808","CCO(C1=CC=C(*)C=C1)",NA,NA,1.66
"809","CCCO(C1=CC=C(*)C=C1)",NA,NA,1.625
"810","CCCCO(C1=CC=C(*)C=C1)",NA,NA,1.615
"811","CCCCCO(C1=CC=C(*)C=C1)",NA,NA,1.235
"812","CC(C)O(C1=CC=C(*)C=C1)",NA,NA,1.595
"813","(C1=CC=C(*)C=C1)OCC=C",NA,NA,0
"814","(C1=CC=C(*)C=C1)OCC#C",NA,NA,0
"815","(C1=CC=C(*)C=C1)OC1CCCCC1",NA,NA,0
"816","(C1=CC=C(*)C=C1)OC1=CC=CC=C1",NA,NA,0
"817","CC(=O)O(C1=CC=C(*)C=C1)",NA,NA,2.1
"818","FC(F)(F)C(=O)O(C1=CC=C(*)C=C1)",NA,NA,0
"819","(C1=CC=C(*)C=C1)ON(=O)=O",NA,NA,3.815
"820","FC(F)(F)O(C1=CC=C(*)C=C1)",NA,NA,0
"821","ClCO(C1=CC=C(*)C=C1)",NA,NA,2.56
"822","FCO(C1=CC=C(*)C=C1)",NA,NA,2.31
"823","ClC(Cl)O(C1=CC=C(*)C=C1)",NA,NA,3.06
"824","FC(F)O(C1=CC=C(*)C=C1)",NA,NA,2.81
"825","ClC(Cl)(Cl)O(C1=CC=C(*)C=C1)",NA,NA,3.19
"826","(C1=CC=C(*)C=C1)OC#N",NA,NA,5
"827","CS(=O)(=O)O(C1=CC=C(*)C=C1)",NA,NA,3.62
"828","CP(C)(C1=CC=C(*)C=C1)",NA,NA,0
"829","CCP(C1=CC=C(*)C=C1)CC",NA,NA,0
"830","(C1=CC=C(*)C=C1)P(C#N)C#N",NA,NA,4.6
"831","COP(C1=CC=C(*)C=C1)OC",NA,NA,0
"832","CN(C)P(C1=CC=C(*)C=C1)N(C)C",NA,NA,0
"833","CCOP(C1=CC=C(*)C=C1)C1=CC=CC=C1",NA,NA,0
"834","(C1=CC=C(*)C=C1)P(C1=CC=CC=C1)C1=CC=CC=C1",NA,NA,1.06
"835","ClP(Cl)(C1=CC=C(*)C=C1)",NA,NA,2.84
"836","FP(F)(C1=CC=C(*)C=C1)",NA,NA,2.37
"837","ClP(Cl)(C1=CC=C(*)C=C1)=O",NA,NA,4.1
"838","FP(F)(C1=CC=C(*)C=C1)=O",NA,NA,0
"839","OP(O)(C1=CC=C(*)C=C1)=O",NA,NA,0
"840","CP(C)(C1=CC=C(*)C=C1)=O",NA,NA,2.125
"841","CCCCP(C1=CC=C(*)C=C1)(=O)CCCC",NA,NA,0
"842","COP(C1=CC=C(*)C=C1)(=O)OC",NA,NA,0
"843","CCOP(C1=CC=C(*)C=C1)(=O)OCC",NA,NA,3.02
"844","CCCOP(C1=CC=C(*)C=C1)(=O)OCCC",NA,NA,0
"845","(C1=CC=C(*)C=C1)P(=O)(C1=CC=CC=C1)C1=CC=CC=C1",NA,NA,1.695
"846","CP(C)(C1=CC=C(*)C=C1)=S",NA,NA,0
"847","ClP(Cl)(C1=CC=C(*)C=C1)=S",NA,NA,3.7
"848","(C1=CC=C(*)C=C1)P(=S)(C1=CC=CC=C1)C1=CC=CC=C1",NA,NA,0
"849","S(C1=CC=C(*)C=C1)",NA,NA,1.6
"850","CS(C1=CC=C(*)C=C1)",NA,NA,1.563333333
"851","CCS(C1=CC=C(*)C=C1)",NA,NA,1.5
"852","CCCS(C1=CC=C(*)C=C1)",NA,NA,1.435
"853","CCCCS(C1=CC=C(*)C=C1)",NA,NA,1.44
"854","CCCCCS(C1=CC=C(*)C=C1)",NA,NA,0
"855","CC(C)S(C1=CC=C(*)C=C1)",NA,NA,1.515
"856","(C1=CC=C(*)C=C1)SCC1=CC=CC=C1",NA,NA,1.56
"857","(C1=CC=C(*)C=C1)SC1=CC=CC=C1",NA,NA,1.845
"858","(C1=CC=C(*)C=C1)SC1CCCCC1",NA,NA,0
"859","(C1=CC=C(*)C=C1)SC=C",NA,NA,1.31
"860","(C1=CC=C(*)C=C1)SCC=C",NA,NA,1.45
"861","(C1=CC=C(*)C=C1)SC#C",NA,NA,2
"862","(C1=CC=C(*)C=C1)SC#N",NA,NA,3.345
"863","FCS(C1=CC=C(*)C=C1)",NA,NA,1.69
"864","FC(F)S(C1=CC=C(*)C=C1)",NA,NA,2.06
"865","ClS(C1=CC=C(*)C=C1)",NA,NA,2.5
"866","FC(F)(F)S(C1=CC=C(*)C=C1)",NA,NA,2.725
"867","CN(C)S(C1=CC=C(*)C=C1)",NA,NA,0.94
"868","COS(C1=CC=C(*)C=C1)",NA,NA,1.56
"869","FCOS(C1=CC=C(*)C=C1)",NA,NA,0
"870","CC(=O)S(C1=CC=C(*)C=C1)",NA,NA,2.29
"871","NC(=O)S(C1=CC=C(*)C=C1)",NA,NA,1.885
"872","FS(F)(F)(C1=CC=C(*)C=C1)",NA,NA,3.75
"873","OS(C1=CC=C(*)C=C1)(=O)=O",NA,NA,0
"874","CS(C1=CC=C(*)C=C1)(=O)=O",NA,NA,3.68
"875","CS(C1=CC=C(*)C=C1)=O",NA,NA,2.88
"876","CCS(C1=CC=C(*)C=C1)(=O)=O",NA,NA,3.74
"877","CCS(C1=CC=C(*)C=C1)=O",NA,NA,0
"878","CCCS(C1=CC=C(*)C=C1)(=O)=O",NA,NA,3.68
"879","CCCS(C1=CC=C(*)C=C1)=O",NA,NA,0
"880","FS(C1=CC=C(*)C=C1)(=O)=O",NA,NA,4.7
"881","FS(C1=CC=C(*)C=C1)=O",NA,NA,4.12
"882","ClS(C1=CC=C(*)C=C1)(=O)=O",NA,NA,5
"883","ClS(C1=CC=C(*)C=C1)=O",NA,NA,4.2
"884","FC(F)(F)S(C1=CC=C(*)C=C1)(=O)=O",NA,NA,4.41
"885","FC(F)(F)S(C1=CC=C(*)C=C1)=O",NA,NA,4.3
"886","CC(C)S(C1=CC=C(*)C=C1)(=O)=O",NA,NA,3.68
"887","CC(C)S(C1=CC=C(*)C=C1)=O",NA,NA,0
"888","NS(C1=CC=C(*)C=C1)(=O)=O",NA,NA,2.61
"889","NS(C1=CC=C(*)C=C1)=O",NA,NA,0
"890","CNS(C1=CC=C(*)C=C1)(=O)=O",NA,NA,0
"891","CNS(C1=CC=C(*)C=C1)=O",NA,NA,0
"892","CN(C)S(C1=CC=C(*)C=C1)(=O)=O",NA,NA,2.62
"893","CN(C)S(C1=CC=C(*)C=C1)=O",NA,NA,0
"894","(C1=CC=C(*)C=C1)S(=O)(=O)C1=CC=CC=C1",NA,NA,3.265
"895","(C1=CC=C(*)C=C1)S(=O)C1=CC=CC=C1",NA,NA,3.16
"896","(C1=CC=C(*)C=C1)S(=O)(=O)C=C",NA,NA,0.17
"897","COS(C1=CC=C(*)C=C1)(=O)=O",NA,NA,0
"898","COS(C1=CC=C(*)C=C1)=O",NA,NA,2.84
"899","(C1=CC=C(*)C=C1)S(=O)(=O)C#N",NA,NA,5.9
"900","FC(F)S(C1=CC=C(*)C=C1)(=O)=O",NA,NA,3.69
